{
    "level": "3D",
    "currentState": "LaserTrigger",
    "startTime": 44496205,
    "stopTime": 44506374,
    "buttonsPressed": [
        11,
        3,
        4,
        10
    ],
    "timestamps": [
        44501995,
        44504020,
        44504920,
        44506374
    ],
    "successfull": [
        true,
        true,
        true,
        true
    ],
    "gazePoints": [],
    "scaling": "Large",
    "buttonPositionLabel": [
        1,
        16,
        3,
        2,
        9,
        14,
        6,
        5,
        11,
        8,
        13,
        4,
        7,
        15,
        12,
        10
    ],
    "buttonPosition": [
        5.0,
        0.000009999999747378752,
        4.443779945373535,
        2.4044456481933595,
        0.5217510461807251,
        3.7937374114990236,
        4.329282760620117,
        0.584831714630127,
        4.498887062072754,
        0.5387657880783081,
        2.451833963394165,
        2.304609775543213,
        1.1452573537826539,
        3.1714766025543215,
        2.36495041847229,
        3.8513951301574709
    ]
}