{
    "level": "3D",
    "currentState": "LaserTrigger",
    "startTime": 49099774,
    "stopTime": 49107235,
    "buttonsPressed": [
        4,
        11,
        2,
        8
    ],
    "timestamps": [
        49101393,
        49103412,
        49105090,
        49107235
    ],
    "successfull": [
        true,
        true,
        true,
        true
    ],
    "scaling": "Small",
    "buttonPositionLabel": [
        1,
        16,
        5,
        6,
        7,
        3,
        9,
        15,
        11,
        2,
        12,
        10,
        8,
        13,
        14,
        4
    ],
    "buttonPosition": [
        5.0,
        0.000009999999747378752,
        0.9190897345542908,
        1.240236520767212,
        0.7529308199882507,
        0.6562600135803223,
        2.9784996509552,
        0.9288964867591858,
        1.8519045114517213,
        0.7692040205001831,
        4.897263526916504,
        4.303483009338379,
        3.8254241943359377,
        1.983383059501648,
        3.5027689933776857,
        1.7742016315460206
    ]
}