{
    "level": "3D",
    "currentState": "LaserTrigger",
    "startTime": 49076702,
    "stopTime": 49082617,
    "buttonsPressed": [
        2,
        10,
        8,
        4
    ],
    "timestamps": [
        49078581,
        49079769,
        49081522,
        49082617
    ],
    "successfull": [
        true,
        true,
        true,
        true
    ],
    "scaling": "Large",
    "buttonPositionLabel": [
        1,
        16,
        3,
        2,
        15,
        4,
        5,
        14,
        11,
        7,
        6,
        10,
        12,
        9,
        8,
        13
    ],
    "buttonPosition": [
        5.0,
        0.000009999999747378752,
        1.8328720331192017,
        0.42514583468437197,
        0.5460231900215149,
        4.669373512268066,
        1.7954888343811036,
        2.537557363510132,
        3.3662281036376955,
        2.071136474609375,
        0.4122515916824341,
        2.529629945755005,
        2.04484486579895,
        1.6683969497680665,
        0.8096045851707459,
        4.554342269897461
    ]
}