{"cameraMode":{"drawMode":0,"name":"Shaded","section":"Shading Mode"},"sceneLighting":true,"audioPlay":false,"sceneViewState":{"showFog":true,"showMaterialUpdate":false,"showSkybox":true,"showFlares":true,"showImageEffects":true,"showParticleSystems":true},"in2DMode":false,"pivot":{"x":-3.497187614440918,"y":-1.6116037368774415,"z":2.109834909439087},"rotation":{"x":-0.216676726937294,"y":0.6747146248817444,"z":-0.21784920990467072,"w":-0.6710823178291321},"size":15.338403701782227,"orthographic":false}